ids,plain_text,No,sentences,anncomplete_1,entities_1,relations_1,1_Relevant_1,Action1-PentaClass_1,Action1_CAMEO_1,Action2-PentaClass_1,Action2_CAMEO_1,Action3-PentaClass_1,Action3_CAMEO_1,anncomplete_2,entities_2,relations_2,1_Relevant_2,Action1-PentaClass_2,Action1_CAMEO_2,Action2-PentaClass_2,Action2_CAMEO_2,Action3-PentaClass_2,Action3_CAMEO_2,anncomplete_3,entities_3,relations_3,anncomplete_4,entities_4,relations_4,1_Relevant_4,Action2-PentaClass_4,Action2_CAMEO_4,Action1-PentaClass_4,Action1_CAMEO_4,Action3-PentaClass_4,Action3_CAMEO_4
ajk_B_cq8JCrXkEqm4CnwyQZE8fe-cameo_200.csv_1,"No. 125 sentences Tsunami Update: Turning from Rescue to Cleanup NPR's Joe Palca talks with NPR's Michael Sullivan, reporting from Jakarta, Indonesia, about rescue and cleanup efforts in the wake of Sunday's tsunami.",No. 125 ,"Tsunami Update: Turning from Rescue to Cleanup NPR's Joe Palca talks with NPR's Michael Sullivan, reporting from Jakarta, Indonesia, about rescue and cleanup efforts in the wake of Sunday's tsunami.",FALSE,[],[],,,,,,,,FALSE,[],[],,,,,,,,FALSE,[],[],FALSE,[],[],,,,,,,
a1aZbpX3dnTH5SE_o65OIOCWDZEm-cameo_200.csv_2,No. 193 sentences The upcoming congress will see five of the seven Politburo Standing Committee members retire.,No. 193 ,The upcoming congress will see five of the seven Politburo Standing Committee members retire.,FALSE,[],[],,,,,,,,FALSE,[],[],,,,,,,,FALSE,[],[],FALSE,[],[],,,,,,,
a8js4E0s034FHNcltRaxUFtiJcc0-cameo_200.csv_3,"No. 199 sentences COLUMBIA, Mo. (AP) -- With thousands of students returning to college this week, St. Louis is tightening restrictions for many places where they might socialize in an effort to slow the spread of the coronavirus.",No. 199 ,"COLUMBIA, Mo. (AP) -- With thousands of students returning to college this week, St. Louis is tightening restrictions for many places where they might socialize in an effort to slow the spread of the coronavirus.",FALSE,[],[],,,,,,,,FALSE,[],[],,,,,,,,FALSE,[],[],FALSE,[],[],,,,,,,
a.VE0I6r3Hh6r6P5KM_6leqGaR98-cameo_200.csv_4,"No. 101 sentences In April 2011, the state's news agency, the Government Communication and Information System (GCIS), published its social-media guidelines.",No. 101 ,"In April 2011, the state's news agency, the Government Communication and Information System (GCIS), published its social-media guidelines.",FALSE,[],[],,,,,,,,FALSE,[],[],,,,,,,,FALSE,[],[],FALSE,[],[],,,,,,,
a6x51_ZU5x06RY9i_7TBkFCIQfE8-cameo_200.csv_5,No. 102 sentences A Chinese court says former Interpol President Meng Hongwei has confessed to accepting more than $2 million in bribes and expressed regret,No. 102 ,A Chinese court says former Interpol President Meng Hongwei has confessed to accepting more than $2 million in bribes and expressed regret,FALSE,[],[],,,,,,,,FALSE,[],[],,,,,,,,FALSE,[],[],FALSE,[],[],,,,,,,
aTN5rhm9MjWyNsseUNa4NgcMCj9u-cameo_200.csv_6,No. 132 sentences Health officials say winter flu is just starting to show up in the U.S. while swine flu infections continue to wane.,No. 132 ,Health officials say winter flu is just starting to show up in the U.S. while swine flu infections continue to wane.,FALSE,[],[],,,,,,,,FALSE,[],[],,,,,,,,FALSE,[],[],FALSE,[],[],,,,,,,
aeuDUI7ZZjkZElkDB64oHTATpoKC-cameo_200.csv_7,"No. 184 sentences President Donald Trump speaks to reporters as he departs the White House en route to Paris from Washington, November 9, 2018.",No. 184 ,"President Donald Trump speaks to reporters as he departs the White House en route to Paris from Washington, November 9, 2018.",FALSE,[],[],,,,,,,,FALSE,[],[],,,,,,,,FALSE,[],[],FALSE,[],[],,,,,,,
a3RMGtDme7nq7t3dEEvnRvzX2sNy-cameo_200.csv_8,"No. 174 sentences SEOUL, Nov. 26 (Xinhua) -- South Korea's ICT ministry decided Monday to inspect all telecommunication facilities after a fire paralyzed communication devices and Internet services in a large part of the capital, according to local media reports.",No. 174 ,"SEOUL, Nov. 26 (Xinhua) -- South Korea's ICT ministry decided Monday to inspect all telecommunication facilities after a fire paralyzed communication devices and Internet services in a large part of the capital, according to local media reports.",FALSE,[],[],,,,,,,,FALSE,[],[],,,,,,,,FALSE,[],[],FALSE,[],[],,,,,,,
aEW9yQQbuRyf.Cqo3mGl4XicYqjG-cameo_200.csv_9,"No. 171 sentences  A municipal fire department in Virginia is investigating a complaint by an African American mother that a white firefighter refused to provide ice for her 11-year-old son who was having a nosebleed, an alleged action that the mother claims was ""a raci",No. 171 ," A municipal fire department in Virginia is investigating a complaint by an African American mother that a white firefighter refused to provide ice for her 11-year-old son who was having a nosebleed, an alleged action that the mother claims was ""a raci",FALSE,[],[],,,,,,,,FALSE,[],[],,,,,,,,FALSE,[],[],FALSE,[],[],,,,,,,
ayL2xeTPrahAbUcXaslTitVkCo2G-cameo_200.csv_10,"No. 190 sentences WASHINGTON, Dec. 9 (UPI) -- A new report on Iraq's insurgency says the fighters gain most of their intelligence from media reports, word of mouth and infiltration into the coalition and Iraqi government.",No. 190 ,"WASHINGTON, Dec. 9 (UPI) -- A new report on Iraq's insurgency says the fighters gain most of their intelligence from media reports, word of mouth and infiltration into the coalition and Iraqi government.",FALSE,[],[],,,,,,,,FALSE,[],[],,,,,,,,FALSE,[],[],FALSE,[],[],,,,,,,
aHlq__Nt1vX2jwdZzWHIOUSQk2Ei-cameo_200.csv_11,"No. 192 sentences Manuel Camacho Solis, a former stalwart of Mexico's ruling Institutional Revolutionary Party, or PRI, resigned from the party to work toward creating a centrist coalition.",No. 192 ,"Manuel Camacho Solis, a former stalwart of Mexico's ruling Institutional Revolutionary Party, or PRI, resigned from the party to work toward creating a centrist coalition.",FALSE,[],[],,,,,,,,FALSE,[],[],,,,,,,,FALSE,[],[],FALSE,[],[],,,,,,,
aO3Kv96H6olKkQAL9qt.ZOaaQ03C-cameo_200.csv_12,"No. 191 sentences Amid Protests, Christopher Columbus Statues Take Flak In Boston And Richmond, Va.",No. 191 ,"Amid Protests, Christopher Columbus Statues Take Flak In Boston And Richmond, Va.",FALSE,[],[],,,,,,,,FALSE,[],[],,,,,,,,FALSE,[],[],FALSE,[],[],,,,,,,
av233TDv54WXg1taAu4UC4bpO7Ka-cameo_200.csv_13,"No. 140 sentences Police have met community leaders and relatives of Mark Duggan, the man whose shooting by armed officers was ruled lawful on Wednesday.",No. 140 ,"Police have met community leaders and relatives of Mark Duggan, the man whose shooting by armed officers was ruled lawful on Wednesday.",FALSE,[],[],,,,,,,,FALSE,[],[],,,,,,,,FALSE,[],[],FALSE,[],[],,,,,,,
aoGYDnvT54zhq7C4FOZBruijrpUO-cameo_200.csv_14,No. 134 sentences It is a long time since a government came up with a giveaway budget on the scale of that presented to parliament by Rishi Sunak: a PS30bn stimulus package designed to demonstrate that the age of austerity is well and truly over.,No. 134 ,It is a long time since a government came up with a giveaway budget on the scale of that presented to parliament by Rishi Sunak: a PS30bn stimulus package designed to demonstrate that the age of austerity is well and truly over.,FALSE,[],[],,,,,,,,FALSE,[],[],,,,,,,,FALSE,[],[],FALSE,[],[],,,,,,,
aH3v_xAA5z9aY9bZMrD5aGBK0f3G-cameo_200.csv_15,"No. 117 sentences The Trump administration has unveiled a new Africa policy focused on combating the ""predatory"" practices of China and Russia, and ending what it calls ""indiscriminate assistance"" and ""unproductive, unsuccessful and unaccountable"" UN peacekeeping missions.",No. 117 ,"The Trump administration has unveiled a new Africa policy focused on combating the ""predatory"" practices of China and Russia, and ending what it calls ""indiscriminate assistance"" and ""unproductive, unsuccessful and unaccountable"" UN peacekeeping missions.",FALSE,[],[],,,,,,,,FALSE,[],[],,,,,,,,FALSE,[],[],FALSE,[],[],,,,,,,
acUU0oruymK_SyyrEnn0LErgtCb4-cameo_200.csv_16,No. 173 sentences At least six suspects have been arrested during last week as Grassy Park police conducted operations in the precinct.,No. 173 ,At least six suspects have been arrested during last week as Grassy Park police conducted operations in the precinct.,FALSE,[],[],,,,,,,,FALSE,[],[],,,,,,,,FALSE,[],[],FALSE,[],[],,,,,,,
aACqv0sr6TkCXVTG39F3Z9HIPZzG-cameo_200.csv_17,"No. 183 sentences The trial of 11 suspected members of a far-right ""terror"" group has begun in the German city of Stuttgart.",No. 183 ,"The trial of 11 suspected members of a far-right ""terror"" group has begun in the German city of Stuttgart.",FALSE,[],[],,,,,,,,FALSE,[],[],,,,,,,,FALSE,[],[],FALSE,[],[],,,,,,,
aPC.6ihpjApLaj9vgXY_yTiobcb8-cameo_200.csv_18,No. 197 sentences Cape Town - A total of 89 children were shot dead on the Cape Flats between February 2010 and December 2015 with firearms stolen by former police colonel Christiaan Prinsloo.,No. 197 ,Cape Town - A total of 89 children were shot dead on the Cape Flats between February 2010 and December 2015 with firearms stolen by former police colonel Christiaan Prinsloo.,FALSE,[],[],,,,,,,,FALSE,[],[],,,,,,,,FALSE,[],[],FALSE,[],[],,,,,,,
axVxp8ffFW_LnBaD8yUBSqLp08uG-cameo_200.csv_19,No. 149 sentences Presumptive Democratic presidential nominee Joe Biden participated in a virtual event hosted by UnidosUS Action Fund President and CEO Janet Murguia to discuss the November election and its importance for the Latino community.,No. 149 ,Presumptive Democratic presidential nominee Joe Biden participated in a virtual event hosted by UnidosUS Action Fund President and CEO Janet Murguia to discuss the November election and its importance for the Latino community.,FALSE,[],[],,,,,,,,FALSE,[],[],,,,,,,,FALSE,[],[],FALSE,[],[],,,,,,,
aN2Cr3ccguOR3j0ydooP4WF78bhC-cameo_200.csv_20,"No. 142 sentences BEIJING, March 21 (Xinhua) -- Chinese authorities Thursday announced detailed measures to implement the country's value-added tax (VAT) reform to further reduce the tax burden on various industries.",No. 142 ,"BEIJING, March 21 (Xinhua) -- Chinese authorities Thursday announced detailed measures to implement the country's value-added tax (VAT) reform to further reduce the tax burden on various industries.",FALSE,[],[],,,,,,,,FALSE,[],[],,,,,,,,FALSE,[],[],FALSE,[],[],,,,,,,
aBMSUWKzNbGExCVmJDeaTXzhS58u-cameo_200.csv_21,No. 131 sentences SINGAPORE: This year's National Day Rally comes as Singapore celebrates 50 years of nationhood.,No. 131 ,SINGAPORE: This year's National Day Rally comes as Singapore celebrates 50 years of nationhood.,FALSE,[],[],,,,,,,,FALSE,[],[],,,,,,,,FALSE,[],[],FALSE,[],[],,,,,,,
aq9wXDzfJGjItlwiX9hnyGWvHYeO-cameo_200.csv_22,"No. 147 sentences CESME, Turkey -- NATO defense ministers are discussing nuclear planning in the face of a Soviet refusal to resume talks on limiting nuclear weapons.",No. 147 ,"CESME, Turkey -- NATO defense ministers are discussing nuclear planning in the face of a Soviet refusal to resume talks on limiting nuclear weapons.",FALSE,[],[],,,,,,,,FALSE,[],[],,,,,,,,FALSE,[],[],FALSE,[],[],,,,,,,
aAkts1PIuOe9Zm8ax_I4dy7Qxhbi-cameo_200.csv_23,"No. 106 sentences The trial of former bosses at France Telecom, including its ex-chief executive, over a spate of suicides at the firm was set to wrap up Thursday with the defendants risking up to a year in jail.",No. 106 ,"The trial of former bosses at France Telecom, including its ex-chief executive, over a spate of suicides at the firm was set to wrap up Thursday with the defendants risking up to a year in jail.",FALSE,[],[],,,,,,,,FALSE,[],[],,,,,,,,FALSE,[],[],FALSE,[],[],,,,,,,
a3owqZ7P01_tGYGxV2cGy6PzUjLC-cameo_200.csv_24,"No. 129 sentences Extending a trend of recent years, global executions fell by nearly one-third in 2018 from the previous year, the lowest figure in at least a decade, according to a report published by Amnesty International.",No. 129 ,"Extending a trend of recent years, global executions fell by nearly one-third in 2018 from the previous year, the lowest figure in at least a decade, according to a report published by Amnesty International.",FALSE,[],[],,,,,,,,FALSE,[],[],,,,,,,,FALSE,[],[],FALSE,[],[],,,,,,,
aYfBk8.5RhOyYy8SP4Uged5V8bXW-cameo_200.csv_25,"No. 195 sentences Prime Minister Abe said his victory in national elections had hardened his resolve to ""firmly deal"" with North Korea after its recent nuclear and missile tests that angered Pacific region neighbors and prompted extra UN sanctions.",No. 195 ,"Prime Minister Abe said his victory in national elections had hardened his resolve to ""firmly deal"" with North Korea after its recent nuclear and missile tests that angered Pacific region neighbors and prompted extra UN sanctions.",FALSE,[],[],,,,,,,,FALSE,[],[],,,,,,,,FALSE,[],[],FALSE,[],[],,,,,,,
aYZLWd8yTIQv0SnLO6CSslfO3e9u-cameo_200.csv_26,"No. 164 sentences ALGIERS, Oct. 27 (Xinhua) -- The National Union of Magistrates (NUM) in Algeria on Sunday said in a statement that it has begun an unlimited strike to protest against ""lack of independence of the judiciary.""",No. 164 ,"ALGIERS, Oct. 27 (Xinhua) -- The National Union of Magistrates (NUM) in Algeria on Sunday said in a statement that it has begun an unlimited strike to protest against ""lack of independence of the judiciary.""",FALSE,[],[],,,,,,,,FALSE,[],[],,,,,,,,FALSE,[],[],FALSE,[],[],,,,,,,
aCS6tTO05CdEPpODTiUbPSnSy4pq-cameo_200.csv_27,"No. 146 sentences Prostitutes stand behind red-lit windows, waiting for customers in Amsterdam's Red Light district, where brothels have been legal since 2000, unlike in the UK.",No. 146 ,"Prostitutes stand behind red-lit windows, waiting for customers in Amsterdam's Red Light district, where brothels have been legal since 2000, unlike in the UK.",FALSE,[],[],,,,,,,,FALSE,[],[],,,,,,,,FALSE,[],[],FALSE,[],[],,,,,,,
a_KbP6MTKLLzS1wC5GZsH.aNQhEK-cameo_200.csv_28,"No. 170 sentences CAIRO: A suicide car bombing in Egypt's Sinai Peninsula killed at least 28 soldiers on Friday (Oct 24), in the deadliest attack on security forces since the army deposed president Mohamed Morsi last year.",No. 170 ,"CAIRO: A suicide car bombing in Egypt's Sinai Peninsula killed at least 28 soldiers on Friday (Oct 24), in the deadliest attack on security forces since the army deposed president Mohamed Morsi last year.",FALSE,[],[],,,,,,,,FALSE,[],[],,,,,,,,FALSE,[],[],FALSE,[],[],,,,,,,
a5pQF6wTsyoQ9izXBwF7Z8lO77Fm-cameo_200.csv_29,"No. 138 sentences A driver arrested for being three times over the legal drink drive limit was found ""optimistically"" trying to change a tyre after a crash, police said.",No. 138 ,"A driver arrested for being three times over the legal drink drive limit was found ""optimistically"" trying to change a tyre after a crash, police said.",FALSE,[],[],,,,,,,,FALSE,[],[],,,,,,,,FALSE,[],[],FALSE,[],[],,,,,,,
aBMHS3.m1cMPQWZlug78hStjxcAK-cameo_200.csv_30,No. 196 sentences Police and firefighters on Friday began investigating the fire that destroyed Okinawa's Shuri Castle the previous day.,No. 196 ,Police and firefighters on Friday began investigating the fire that destroyed Okinawa's Shuri Castle the previous day.,FALSE,[],[],,,,,,,,FALSE,[],[],,,,,,,,FALSE,[],[],FALSE,[],[],,,,,,,
akIKvO9HOf2N74c5iS3htwNoQGT0-cameo_200.csv_31,No. 187 sentences MIAMI A federal jury on Thursday convicted the son of the former president of Liberia of torturing suspected opponents of his father's government.,No. 187 ,MIAMI A federal jury on Thursday convicted the son of the former president of Liberia of torturing suspected opponents of his father's government.,FALSE,[],[],,,,,,,,FALSE,[],[],,,,,,,,FALSE,[],[],FALSE,[],[],,,,,,,
a0XH0ZF29s3YhtSZx4UxDw_VE3qC-cameo_200.csv_32,"No. 194 sentences The four candidates competing for two open seats on the Board of Supervisors have spent more than $300,000 on their campaigns, but Ventura County election officials are predicting that despite such heavy spending, only about 59% of the county's 351,921 reg",No. 194 ,"The four candidates competing for two open seats on the Board of Supervisors have spent more than $300,000 on their campaigns, but Ventura County election officials are predicting that despite such heavy spending, only about 59% of the county's 351,921 reg",FALSE,[],[],,,,,,,,FALSE,[],[],,,,,,,,FALSE,[],[],FALSE,[],[],,,,,,,
aj58c22887JIbuRIAthUMHeFuMl0-cameo_200.csv_33,No. 182 sentences Blood stains the ground around the damaged bus after seven women and four men lost their lives in a rocket attack apparently intended for a government checkpoint.,No. 182 ,Blood stains the ground around the damaged bus after seven women and four men lost their lives in a rocket attack apparently intended for a government checkpoint.,FALSE,[],[],,,,,,,,FALSE,[],[],,,,,,,,FALSE,[],[],FALSE,[],[],,,,,,,
aq5COrHYWUbjhEs1qpv8I7q22YnS-cameo_200.csv_34,"No. 116 sentences The president of Equatorial Guinea has pledged to protect the former Gambian leader Yahya Jammeh, who is living in exile in the tiny central African country.",No. 116 ,"The president of Equatorial Guinea has pledged to protect the former Gambian leader Yahya Jammeh, who is living in exile in the tiny central African country.",FALSE,[],[],,,,,,,,FALSE,[],[],,,,,,,,FALSE,[],[],FALSE,[],[],,,,,,,
aQaGlS23r6aZSOZdoOGWvemCZIJq-cameo_200.csv_35,"No. 166 sentences Since the government apologised for its sluggish and ineffectual response to the Grenfell Tower fire, some steps have been taken to address the disaster.",No. 166 ,"Since the government apologised for its sluggish and ineffectual response to the Grenfell Tower fire, some steps have been taken to address the disaster.",FALSE,[],[],,,,,,,,FALSE,[],[],,,,,,,,FALSE,[],[],FALSE,[],[],,,,,,,
aMCuO42y219gp6tRC_b8IV9oFIHe-cameo_200.csv_36,"No. 115 sentences A thinner but combative Saddam Hussein appeared in court Wednesday for the first time since his hunger strike and hospitalization, complaining that he had been brought to the chamber against his will and rejecting the tribunal as an agent of the U.S. occup",No. 115 ,"A thinner but combative Saddam Hussein appeared in court Wednesday for the first time since his hunger strike and hospitalization, complaining that he had been brought to the chamber against his will and rejecting the tribunal as an agent of the U.S. occup",FALSE,[],[],,,,,,,,FALSE,[],[],,,,,,,,FALSE,[],[],FALSE,[],[],,,,,,,
a7yKP_06TRFb10ecFIN5vE9KOLWi-cameo_200.csv_37,No. 181 sentences Chinese Foreign Ministry spokeswoman Hua Chunying said Japan should 'rigorously respect its international commitments to nuclear safety and non-proliferation'.,No. 181 ,Chinese Foreign Ministry spokeswoman Hua Chunying said Japan should 'rigorously respect its international commitments to nuclear safety and non-proliferation'.,FALSE,[],[],,,,,,,,FALSE,[],[],,,,,,,,FALSE,[],[],FALSE,[],[],,,,,,,
auKekmL2j26jLWzTB1RLzYV4EiSq-cameo_200.csv_38,"No. 177 sentences The high court should sit in secret when the former foreign secretary Jack Straw faces a damages claim over his alleged role in the abduction and torture of a Libyan dissident and his pregnant wife, a ruling has said.",No. 177 ,"The high court should sit in secret when the former foreign secretary Jack Straw faces a damages claim over his alleged role in the abduction and torture of a Libyan dissident and his pregnant wife, a ruling has said.",FALSE,[],[],,,,,,,,FALSE,[],[],,,,,,,,FALSE,[],[],FALSE,[],[],,,,,,,
anZKXudm2UFIlJBK2LR8.84Ktinq-cameo_200.csv_39,No. 118 sentences A judicial magistrate of Cantt courts Wednesday handed over a wild black bear to the Wildlife Department after getting its possession from a juggler.,No. 118 ,A judicial magistrate of Cantt courts Wednesday handed over a wild black bear to the Wildlife Department after getting its possession from a juggler.,FALSE,[],[],,,,,,,,FALSE,[],[],,,,,,,,FALSE,[],[],FALSE,[],[],,,,,,,
a8tvYhWxcd7zY7ZNDsR0nooeLD.i-cameo_200.csv_40,"No. 123 sentences Stop stalling and appoint your Cabinet, was the DA's advice to President Cyril Ramaphosa ahead of the swearing in of David Mabuza as an MP on Tuesday.",No. 123 ,"Stop stalling and appoint your Cabinet, was the DA's advice to President Cyril Ramaphosa ahead of the swearing in of David Mabuza as an MP on Tuesday.",FALSE,[],[],,,,,,,,FALSE,[],[],,,,,,,,FALSE,[],[],FALSE,[],[],,,,,,,
aluIVbHlakOnUMnd16ZPAH5Ul3nG-cameo_200.csv_41,"No. 185 sentences The action comes ""in response to a number of troubling and escalatory indications and warnings,"" White House national security adviser John Bolton said in a statement | Chip Somodevilla/Getty Images",No. 185 ,"The action comes ""in response to a number of troubling and escalatory indications and warnings,"" White House national security adviser John Bolton said in a statement | Chip Somodevilla/Getty Images",FALSE,[],[],,,,,,,,FALSE,[],[],,,,,,,,FALSE,[],[],FALSE,[],[],,,,,,,
acDJ9B2KrqtPMirNVSrkiUpNicJC-cameo_200.csv_42,"No. 104 sentences In light of the anonymous The New York Times op-ed written by a senior administration official, NPR's Michel Martin speaks with Peter Edelman who publically resigned from the Clinton administration.",No. 104 ,"In light of the anonymous The New York Times op-ed written by a senior administration official, NPR's Michel Martin speaks with Peter Edelman who publically resigned from the Clinton administration.",FALSE,[],[],,,,,,,,FALSE,[],[],,,,,,,,FALSE,[],[],FALSE,[],[],,,,,,,
arl.kVZStbKp.6YIwQvxSJvwChwG-cameo_200.csv_43,No. 189 sentences The Black Lives Matter movement isn't named in any of the 120 statewide ballot measures up for a vote on Nov. 3.,No. 189 ,The Black Lives Matter movement isn't named in any of the 120 statewide ballot measures up for a vote on Nov. 3.,FALSE,[],[],,,,,,,,FALSE,[],[],,,,,,,,FALSE,[],[],FALSE,[],[],,,,,,,
aaA6CukHxSWONqcWpVvKKrsnNUCK-cameo_200.csv_44,"No. 133 sentences The motor ship Sparta carrying 475 tonnes of humanitarian aid for the war-torn regions of Syria arrived at the logistics center of the Russian Navy in Tartus, Viktor Alekseev, deputy commander of the Russian Armed Force",No. 133 ,"The motor ship Sparta carrying 475 tonnes of humanitarian aid for the war-torn regions of Syria arrived at the logistics center of the Russian Navy in Tartus, Viktor Alekseev, deputy commander of the Russian Armed Force",FALSE,[],[],,,,,,,,FALSE,[],[],,,,,,,,FALSE,[],[],FALSE,[],[],,,,,,,
ac03xqz6gsnCge1oR0CA6m7qGi24-cameo_200.csv_45,"No. 112 sentences In this April 25, 2006 file photo, U.S. Attorney John Durham speaks to reporters on the steps of U.S. District Court in New Haven, Conn.",No. 112 ,"In this April 25, 2006 file photo, U.S. Attorney John Durham speaks to reporters on the steps of U.S. District Court in New Haven, Conn.",FALSE,[],[],,,,,,,,FALSE,[],[],,,,,,,,FALSE,[],[],FALSE,[],[],,,,,,,
a30cqqYYpfGIfklcjg69.rSenpSm-cameo_200.csv_46,"No. 158 sentences Years after she was twice convicted and then twice acquitted for murder in Italy, Amanda Knox will be taking her opinions into the public sphere through an advice column in a local Seattle publication.",No. 158 ,"Years after she was twice convicted and then twice acquitted for murder in Italy, Amanda Knox will be taking her opinions into the public sphere through an advice column in a local Seattle publication.",FALSE,[],[],,,,,,,,FALSE,[],[],,,,,,,,FALSE,[],[],FALSE,[],[],,,,,,,
apmqwLMj0G.vQAVWOEvYay8.jWU8-cameo_200.csv_47,"No. 135 sentences The Philippine military on Tuesday rescued almost 80 of the 100 hostages being held by Muslim rebels, a major breakthrough in a battle that has paralyzed an important southern city for more than a week.",No. 135 ,"The Philippine military on Tuesday rescued almost 80 of the 100 hostages being held by Muslim rebels, a major breakthrough in a battle that has paralyzed an important southern city for more than a week.",FALSE,[],[],,,,,,,,FALSE,[],[],,,,,,,,FALSE,[],[],FALSE,[],[],,,,,,,
a6Nf4BBEZ.GuDENhw4xlQxeNAnHK-cameo_200.csv_48,"No. 137 sentences As Americans across the nation head to the polls this Election Day Tuesday, President Obama conducts meetings on the global economy and the fight to contain Ebola.",No. 137 ,"As Americans across the nation head to the polls this Election Day Tuesday, President Obama conducts meetings on the global economy and the fight to contain Ebola.",FALSE,[],[],,,,,,,,FALSE,[],[],,,,,,,,FALSE,[],[],FALSE,[],[],,,,,,,
aQLMjb_ax7gh3qC9jJEm9FGpkmmm-cameo_200.csv_49,"No. 188 sentences The Cape Town woman assaulted by a driver after she refused to get into his taxi possibly avoided a dangerous encounter with a gang, the Western Cape transport ministry has said.",No. 188 ,"The Cape Town woman assaulted by a driver after she refused to get into his taxi possibly avoided a dangerous encounter with a gang, the Western Cape transport ministry has said.",FALSE,[],[],,,,,,,,FALSE,[],[],,,,,,,,FALSE,[],[],FALSE,[],[],,,,,,,
avt1C8XqyCWGg91sQBVMo14zkB5K-cameo_200.csv_50,"No. 186 sentences Bulawayo, Zimbabwe - On November 24, Emmerson Mnangagwa arrived in Harare's main sports stadium to the cheers of tens of thousands of enthusiastic supporters.",No. 186 ,"Bulawayo, Zimbabwe - On November 24, Emmerson Mnangagwa arrived in Harare's main sports stadium to the cheers of tens of thousands of enthusiastic supporters.",FALSE,[],[],,,,,,,,FALSE,[],[],,,,,,,,FALSE,[],[],FALSE,[],[],,,,,,,
aYPpWmS3VGUlVGqUmtqkqaMDz7Va-cameo_200.csv_100,"No. 200 sentences After decades of moral arguments reaching biblical proportions, after long, twisted journeys to the nation's highest court and back, the death penalty may be abandoned by several states for a reason having nothing to do with right or wrong:",No. 200 ,"After decades of moral arguments reaching biblical proportions, after long, twisted journeys to the nation's highest court and back, the death penalty may be abandoned by several states for a reason having nothing to do with right or wrong:",TRUE,[],[],FALSE,,,,,,,TRUE,[],[],FALSE,,,,,,,FALSE,[],[],TRUE,[],[],FALSE,,,,,,
aKmGsq6m4AzM4LxjAKIHn5WMcbnq-cameo_200.csv_99,"No. 122 sentences Two pedestrians were killed and a third critically injured in East Oakland on Saturday when a car jumped a curb and struck them on International Boulevard, pinning one of the men against a retaining wall, authorities said.",No. 122 ,"Two pedestrians were killed and a third critically injured in East Oakland on Saturday when a car jumped a curb and struck them on International Boulevard, pinning one of the men against a retaining wall, authorities said.",TRUE,[],[],FALSE,,,,,,,TRUE,[],[],FALSE,,,,,,,FALSE,[],[],TRUE,[],[],FALSE,,,,,,
aRUmdaZSRYbDHqPdDRSpZKrT5AlK-cameo_200.csv_90,"No. 148 sentences I. Lewis ""Scooter"" Libby, the former chief of staff for Vice President Cheney, was sentenced to two and a half years in prison for perjury and obstructing the investigation into the leaking of Central Intelligence Agency employee Valerie Plame's identity t",No. 148 ,"I. Lewis ""Scooter"" Libby, the former chief of staff for Vice President Cheney, was sentenced to two and a half years in prison for perjury and obstructing the investigation into the leaking of Central Intelligence Agency employee Valerie Plame's identity t",TRUE,"[('Target-1', 'former chief of staff', 30), ('Source-1', 'former chief of staff', 30), ('Action-1', 'sentenced', 83), ('Action-2', 'perjury', 131), ('Action-3', 'obstructing the investigation into the leaking of Central Intelligence Agency employee', 143)]","[[('Source-1', 'former chief of staff'), ('Action-1', 'sentenced')], [('Target-1', 'former chief of staff'), ('Action-3', 'obstructing the investigation into the leaking of Central Intelligence Agency employee')], [('Action-3', 'obstructing the investigation into the leaking of Central Intelligence Agency employee'), ('Action-2', 'perjury')]]",TRUE,3-Verbal Conflict,3-11 Disapprove,4-Material Conflict,4-17 Coerce,,,TRUE,"[('Source-1', 'I. Lewis ""Scooter"" Libby', 0), ('Action-1', 'sentenced', 83)]","[[('Source-1', 'I. Lewis ""Scooter"" Libby'), ('Action-1', 'sentenced')]]",TRUE,3-Verbal Conflict,3-11 Disapprove,,,,,FALSE,[],[],TRUE,"[('Target-1', 'I. Lewis ""Scooter"" Libby, the former chief of staff for Vice President Cheney', 0), ('Source-2', 'I. Lewis ""Scooter"" Libby, the former chief of staff for Vice President Cheney', 0), ('Action-1', 'was sentenced', 79), ('Action-2', 'obstructing', 143)]","[[('Action-1', 'was sentenced'), ('Target-1', 'I. Lewis ""Scooter"" Libby, the former chief of staff for Vice President Cheney')], [('Source-2', 'I. Lewis ""Scooter"" Libby, the former chief of staff for Vice President Cheney'), ('Action-2', 'obstructing')]]",TRUE,4-Material Conflict,4-14 Protest,3-Verbal Conflict,3-11 Disapprove,,
agr8lQJ8MQkgtDid2RP93NiM_ED0-cameo_200.csv_97,"No. 143 sentences Evangelist Billy Graham will hold a three-city Bay Area crusade in October 1997, including his first San Francisco appearance in nearly four decades.",No. 143 ,"Evangelist Billy Graham will hold a three-city Bay Area crusade in October 1997, including his first San Francisco appearance in nearly four decades.",TRUE,[],[],FALSE,,,,,,,TRUE,[],[],FALSE,,,,,,,FALSE,[],[],TRUE,[],[],FALSE,,,,,,
aZSBnZlzj1kj17Gb1MebegiwZ8Wy-cameo_200.csv_93,"No. 136 sentences Turkey's Ground Forces Chief General Isik Kosaner attends a ceremony in Ankara, in this July 16, 2010 file picture.",No. 136 ,"Turkey's Ground Forces Chief General Isik Kosaner attends a ceremony in Ankara, in this July 16, 2010 file picture.",TRUE,"[('Source-1', ""Turkey's Ground Forces Chief General Isik Kosaner"", 0), ('Action-1', 'attends a ceremony', 50), ('Location', 'Ankara', 72), ('Time', 'July 16, 2010', 88)]","[[('Source-1', ""Turkey's Ground Forces Chief General Isik Kosaner""), ('Action-1', 'attends a ceremony')]]",TRUE,0-Make a Statement,0-1 Make Public Statement,,,,,TRUE,"[('Source-1', ""Turkey's Ground Forces Chief General Isik Kosaner"", 0), ('Action-1', 'attends a ceremony', 50), ('Location', 'Ankara', 72), ('Time', 'July 16, 2010', 88)]","[[('Source-1', ""Turkey's Ground Forces Chief General Isik Kosaner""), ('Action-1', 'attends a ceremony')]]",TRUE,0-Make a Statement,0-1 Make Public Statement,,,,,FALSE,[],[],TRUE,"[('Source-1', ""Turkey's Ground Forces Chief General Isik Kosaner"", 0), ('Action-1', 'attends a ceremony', 50), ('Location', 'Ankara', 72), ('Time', 'July 16, 2010', 88)]","[[('Source-1', ""Turkey's Ground Forces Chief General Isik Kosaner""), ('Action-1', 'attends a ceremony')]]",TRUE,,,0-Make a Statement,0-1 Make Public Statement,,
aUv.82sS.ppC1ZkOvsonWhC02YBi-cameo_200.csv_95,No. 107 sentences BHUBANESWAR: The state tourism department on Monday conducted a roadshow in Goa to woo more tourists from the state.,No. 107 ,BHUBANESWAR: The state tourism department on Monday conducted a roadshow in Goa to woo more tourists from the state.,TRUE,[],[],FALSE,,,,,,,TRUE,[],[],FALSE,,,,,,,FALSE,[],[],TRUE,[],[],FALSE,,,,,,
azlSVSXhAwwNUxPNWAitgczNC2U8-cameo_200.csv_92,"No. 110 sentences Next week, South Africans will welcome former US president Barack Obama to the country.",No. 110 ,"Next week, South Africans will welcome former US president Barack Obama to the country.",TRUE,[],[],FALSE,,,,,,,TRUE,[],[],FALSE,,,,,,,FALSE,[],[],TRUE,[],[],FALSE,,,,,,
apQeASNM2azr2zznwK9smE8CjWJW-cameo_200.csv_86,"No. 126 sentences Facebook, the internet giant corporation, looks set to open an internet content control center aimed at combating fake news after reaching an agreement with the German company Competence Call Center which already operates in the northeastern port city of B",No. 126 ,"Facebook, the internet giant corporation, looks set to open an internet content control center aimed at combating fake news after reaching an agreement with the German company Competence Call Center which already operates in the northeastern port city of B",TRUE,[],[],FALSE,,,,,,,TRUE,[],[],FALSE,,,,,,,FALSE,[],[],TRUE,[],[],FALSE,,,,,,
aeQavrrrqJ2Y_SBVsaphz52fs0Fu-cameo_200.csv_91,"No. 127 sentences Hours after a new lobbying firm aimed at domestic and global clients announced it was partnering with former national security adviser Mike Flynn, attorneys for the embattled Mr. Flynn said the deal was off and the notice had been released as a result of a",No. 127 ,"Hours after a new lobbying firm aimed at domestic and global clients announced it was partnering with former national security adviser Mike Flynn, attorneys for the embattled Mr. Flynn said the deal was off and the notice had been released as a result of a",TRUE,[],[],FALSE,,,,,,,TRUE,[],[],FALSE,,,,,,,FALSE,[],[],TRUE,[],[],FALSE,,,,,,
aT.OWzIZLTCCjIvVSxc8P8eUT.8y-cameo_200.csv_89,"No. 124 sentences Experts agree that labyrinthine EU processes and institutions, coupled with poor information campaigns, leave average members of the public in the dark about what their rights might be - let alone how to make sure they are enforced.",No. 124 ,"Experts agree that labyrinthine EU processes and institutions, coupled with poor information campaigns, leave average members of the public in the dark about what their rights might be - let alone how to make sure they are enforced.",TRUE,[],[],FALSE,,,,,,,TRUE,[],[],FALSE,,,,,,,FALSE,[],[],TRUE,[],[],FALSE,,,,,,
aYPSefIKdfO.n1WmLzv.ofubjh_8-cameo_200.csv_88,"No. 161 sentences Oudtshoorn - The Democratic Alliance has increased its support in Oudtshoorn by over 10%, winning the troubled municipality after the African National Congress suffered a 15% dip in the local government elections.",No. 161 ,"Oudtshoorn - The Democratic Alliance has increased its support in Oudtshoorn by over 10%, winning the troubled municipality after the African National Congress suffered a 15% dip in the local government elections.",TRUE,"[('Source-1', 'Democratic Alliance', 17), ('Action-1', 'increased its support', 41)]","[[('Source-1', 'Democratic Alliance'), ('Action-1', 'increased its support')]]",TRUE,2-Material Cooperation,2-6 Engage in Material Coop,,,,,TRUE,"[('Location', 'Oudtshoorn', 0), ('Source-1', 'The Democratic Alliance', 13), ('Action-1', 'increased its support', 41), ('Target-1', 'Oudtshoorn', 66)]","[[('Source-1', 'The Democratic Alliance'), ('Action-1', 'increased its support')], [('Action-1', 'increased its support'), ('Target-1', 'Oudtshoorn')]]",TRUE,2-Material Cooperation,2-6 Engage in Material Coop,,,,,FALSE,[],[],TRUE,[],[],FALSE,,,,,,
akWCt3n4t1CIFPecTgVU9huaNj.W-cameo_200.csv_85,"No. 144 sentences BRIDGEWATER, N.J. -- White House counselor Kellyanne Conway says President Donald Trump is ""not discussing"" firing Special Counsel Robert Mueller.",No. 144 ,"BRIDGEWATER, N.J. -- White House counselor Kellyanne Conway says President Donald Trump is ""not discussing"" firing Special Counsel Robert Mueller.",TRUE,"[('Source-1', 'White House counselor Kellyanne Conway', 21), ('Action-1', 'says', 60)]","[[('Source-1', 'White House counselor Kellyanne Conway'), ('Action-1', 'says')]]",TRUE,0-Make a Statement,0-1 Make Public Statement,,,,,TRUE,"[('Location', 'BRIDGEWATER, N.J.', 0), ('Source-1', 'Kellyanne Conway', 43), ('Action-1', 'says', 60)]","[[('Source-1', 'Kellyanne Conway'), ('Action-1', 'says')]]",TRUE,0-Make a Statement,0-1 Make Public Statement,,,,,FALSE,[],[],TRUE,"[('Source-1', 'White House counselor Kellyanne Conway', 21), ('Action-1', 'says', 60)]",[],TRUE,,,0-Make a Statement,0-1 Make Public Statement,,
abcQHswdyoOJfZ8GijeIun23LNEy-cameo_200.csv_82,"No. 114 sentences Offers to help Zimbabwean refugees evicted from the Central Methodist Church in Johannesburg are coming from all over the country, Bishop Paul Verryn said on Friday.",No. 114 ,"Offers to help Zimbabwean refugees evicted from the Central Methodist Church in Johannesburg are coming from all over the country, Bishop Paul Verryn said on Friday.",TRUE,"[('Action-1', 'Offers to help', 0), ('Target-1', 'Zimbabwean refugees', 15), ('Action-2', 'evicted', 35), ('Source-1', 'Central Methodist Church', 52), ('Location', 'Johannesburg', 80), ('Source-1', 'country', 122), ('Source-2', 'Bishop Paul Verryn', 131), ('Action-3', 'said', 150)]","[[('Source-1', 'country'), ('Action-1', 'Offers to help')], [('Action-1', 'Offers to help'), ('Target-1', 'Zimbabwean refugees')], [('Source-1', 'Central Methodist Church'), ('Action-2', 'evicted')], [('Source-2', 'Bishop Paul Verryn'), ('Action-3', 'said')], [('Action-2', 'evicted'), ('Target-1', 'Zimbabwean refugees')]]",TRUE,1-Verbal Cooperation,1-3 Express Intent to Coop,4-Material Conflict,4-15 Exhibit Force Posture,0-Make a Statement,0-1 Make Public Statement,TRUE,"[('Action-1', 'Offers to help', 0), ('Target-1', 'Zimbabwean refugees', 15), ('Target-2', 'Zimbabwean refugees', 15), ('Action-2', 'evicted', 35), ('Location', 'Johannesburg', 80), ('Source-3', 'Bishop Paul Verryn', 131), ('Action-3', 'said', 150), ('Time', 'Friday', 158)]","[[('Action-1', 'Offers to help'), ('Target-1', 'Zimbabwean refugees')], [('Source-3', 'Bishop Paul Verryn'), ('Action-3', 'said')], [('Action-2', 'evicted'), ('Target-1', 'Zimbabwean refugees')]]",TRUE,1-Verbal Cooperation,1-3 Express Intent to Coop,4-Material Conflict,4-17 Coerce,0-Make a Statement,0-1 Make Public Statement,FALSE,[],[],TRUE,"[('Action-1', 'Offers to help', 0), ('Target-1', 'Zimbabwean refugees', 15), ('Action-2', 'evicted', 35), ('Source-2', 'Central Methodist Church in Johannesburg', 52), ('Location', 'Central Methodist Church in Johannesburg', 52), ('Source-3', 'Bishop Paul Verryn', 131), ('Action-3', 'said', 150), ('Time', 'Friday', 158)]","[[('Action-1', 'Offers to help'), ('Target-1', 'Zimbabwean refugees')], [('Source-2', 'Central Methodist Church in Johannesburg'), ('Action-2', 'evicted')], [('Source-3', 'Bishop Paul Verryn'), ('Action-3', 'said')], [('Action-2', 'evicted'), ('Target-1', 'Zimbabwean refugees')]]",TRUE,4-Material Conflict,4-17 Coerce,1-Verbal Cooperation,1-3 Express Intent to Coop,0-Make a Statement,0-1 Make Public Statement
aafiplJcm.iPjm0dpNTc2_E5Dsn8-cameo_200.csv_87,No. 128 sentences San Francisco voters Tuesday will weigh in on the national debate over gun control by deciding whether to make their city home to the toughest handgun ban in the country.,No. 128 ,San Francisco voters Tuesday will weigh in on the national debate over gun control by deciding whether to make their city home to the toughest handgun ban in the country.,TRUE,[],[],FALSE,,,,,,,TRUE,[],[],FALSE,,,,,,,FALSE,[],[],TRUE,[],[],FALSE,,,,,,
ab.DFm7TXn7CdlONkQcaX5_lvSYq-cameo_200.csv_84,No. 153 sentences A cyclist has died after colliding with another rider on a country road.,No. 153 ,A cyclist has died after colliding with another rider on a country road.,TRUE,[],[],FALSE,,,,,,,TRUE,[],[],FALSE,,,,,,,FALSE,[],[],TRUE,[],[],FALSE,,,,,,
ax2in51AqnmWnI40nZoHBmVuyhYK-cameo_200.csv_79,"No. 167 sentences NAIROBI, Kenya Kenya's leading opposition party on Wednesday accused the government of stonewalling in negotiations to resolve the country's festering political crisis and threatened to resume protests if a power-sharing agreement was not reached within",No. 167 ,"NAIROBI, Kenya Kenya's leading opposition party on Wednesday accused the government of stonewalling in negotiations to resolve the country's festering political crisis and threatened to resume protests if a power-sharing agreement was not reached within",TRUE,"[('Source-1', ""Kenya Kenya's leading opposition party"", 9), ('Action-1', 'accused', 61), ('Target-1', 'government', 73)]","[[('Source-1', ""Kenya Kenya's leading opposition party""), ('Action-1', 'accused')]]",TRUE,3-Verbal Conflict,3-9 Investigate,,,,,TRUE,"[('Location', 'NAIROBI, Kenya', 0), ('Source-1', ""Kenya's leading opposition party"", 15), ('Time', 'Wednesday', 51), ('Action-1', 'accused', 61), ('Target-1', 'the government', 69), ('Action-2', 'threatened to resume protests', 172)]","[[('Source-1', ""Kenya's leading opposition party""), ('Action-1', 'accused')], [('Action-1', 'accused'), ('Target-1', 'the government')], [('Source-1', ""Kenya's leading opposition party""), ('Action-2', 'threatened to resume protests')]]",TRUE,3-Verbal Conflict,3-11 Disapprove,3-Verbal Conflict,3-13 Threaten,,,FALSE,[],[],TRUE,"[('Source-1', ""Kenya's leading opposition party"", 15), ('Time', 'Wednesday', 51), ('Action-1', 'accused', 61), ('Target-1', 'government', 73), ('Source-2', 'government', 73), ('Target-3', 'government', 73), ('Action-2', 'stonewalling', 87), ('Action-3', 'threatened', 172)]","[[('Source-1', ""Kenya's leading opposition party""), ('Action-1', 'accused')], [('Source-2', 'government'), ('Action-2', 'stonewalling')], [('Source-1', ""Kenya's leading opposition party""), ('Action-3', 'threatened')], [('Action-1', 'accused'), ('Source-2', 'government')], [('Action-3', 'threatened'), ('Source-2', 'government')]]",TRUE,4-Material Conflict,4-14 Protest,3-Verbal Conflict,3-11 Disapprove,3-Verbal Conflict,3-13 Threaten
afAipmw1kQeARgylADZHcwPIUSIe-cameo_200.csv_83,"No. 103 sentences DENPASAR, Indonesia: Two Australian clubbers arrested in Bali for cocaine possession were paraded in front of local media Tuesday (Jul 23) as they faced a possible 12-year jail term, police said.",No. 103 ,"DENPASAR, Indonesia: Two Australian clubbers arrested in Bali for cocaine possession were paraded in front of local media Tuesday (Jul 23) as they faced a possible 12-year jail term, police said.",TRUE,[],[],FALSE,,,,,,,TRUE,[],[],FALSE,,,,,,,FALSE,[],[],TRUE,[],[],FALSE,,,,,,
aCFwzNxFvDs2gOG9iBYwfTK9hF6O-cameo_200.csv_80,No. 113 sentences KwaZulu-Natal education MEC Senzo Mchunu lost an appeal against a man who suffered an eye injury at Gcwalulwazi High School near Eshowe nine years ago.,No. 113 ,KwaZulu-Natal education MEC Senzo Mchunu lost an appeal against a man who suffered an eye injury at Gcwalulwazi High School near Eshowe nine years ago.,TRUE,[],[],FALSE,,,,,,,TRUE,[],[],FALSE,,,,,,,FALSE,[],[],TRUE,[],[],FALSE,,,,,,
aIX3nAeiDRPGSOukV9T8_ITWUv2C-cameo_200.csv_77,"No. 108 sentences Story highlights Hundreds of sheep die after the accident near Melbourne One person is taken to the hospital ""I saw them coming down like a mountain,"" a witness says",No. 108 ,"Story highlights Hundreds of sheep die after the accident near Melbourne One person is taken to the hospital ""I saw them coming down like a mountain,"" a witness says",TRUE,[],[],FALSE,,,,,,,TRUE,[],[],FALSE,,,,,,,FALSE,[],[],TRUE,[],[],FALSE,,,,,,
aOAcUftIl4YFRb7fV1nl2HTjqCkG-cameo_200.csv_74,"No. 141 sentences Abuja -- The military, yesterday, confirmed that it is currently engaged in a fierce battle with Boko Haram insurgents who have been unleashing terror in the North Eastern part of the country.",No. 141 ,"Abuja -- The military, yesterday, confirmed that it is currently engaged in a fierce battle with Boko Haram insurgents who have been unleashing terror in the North Eastern part of the country.",TRUE,"[('Source-1', 'military', 13), ('Time', 'yesterday', 23), ('Action-1', 'confirmed', 34), ('Action-2', 'engaged in a fierce battle', 65), ('Target-1', 'Boko Haram insurgents', 97), ('Location', 'North Eastern part of the country.', 158)]","[[('Source-1', 'military'), ('Action-1', 'confirmed')], [('Action-2', 'engaged in a fierce battle'), ('Source-1', 'military')]]",TRUE,0-Make a Statement,0-1 Make Public Statement,4-Material Conflict,4-19 Fight,,,TRUE,"[('Location', 'Abuja', 0), ('Source-1', 'The military', 9), ('Time', 'yesterday', 23), ('Action-1', 'confirmed', 34), ('Action-2', 'engaged in a fierce battle', 65), ('Target-1', 'Boko Haram insurgents', 97), ('Source-3', 'Boko Haram insurgents', 97), ('Action-3', 'unleashing terror', 133), ('Location', 'North Eastern part of the country', 158)]","[[('Source-1', 'The military'), ('Action-1', 'confirmed')], [('Source-3', 'Boko Haram insurgents'), ('Action-3', 'unleashing terror')], [('Source-1', 'The military'), ('Action-2', 'engaged in a fierce battle')], [('Action-2', 'engaged in a fierce battle'), ('Target-1', 'Boko Haram insurgents')]]",TRUE,0-Make a Statement,0-1 Make Public Statement,4-Material Conflict,4-19 Fight,4-Material Conflict,4-18 Assualt,FALSE,[],[],TRUE,"[('Source-1', 'military', 13), ('Time', 'yesterday', 23), ('Action-1', 'confirmed', 34), ('Action-2', 'engaged', 65), ('Target-2', 'Boko Haram insurgents', 97), ('Location', 'North Eastern part of the country', 158)]","[[('Source-1', 'military'), ('Action-1', 'confirmed')], [('Action-2', 'engaged'), ('Target-2', 'Boko Haram insurgents')], [('Source-1', 'military'), ('Action-2', 'engaged')]]",TRUE,4-Material Conflict,4-19 Fight,0-Make a Statement,0-1 Make Public Statement,,
aAeMsiCRoToacLl6dk.qNJQdEhdC-cameo_200.csv_81,No. 180 sentences WASHINGTON - Conservatives are controlling most of the Supreme Court's closely divided cases so far this term by sticking to the words written by Congress.,No. 180 ,WASHINGTON - Conservatives are controlling most of the Supreme Court's closely divided cases so far this term by sticking to the words written by Congress.,TRUE,[],[],FALSE,,,,,,,TRUE,[],[],FALSE,,,,,,,FALSE,[],[],TRUE,[],[],FALSE,,,,,,
asL9xzHW.LdHqo8vnhM_mty3kIxO-cameo_200.csv_76,"No. 176 sentences Should Congress fail to pass a balanced budget by the end of 2012, America could face serious repercussions.",No. 176 ,"Should Congress fail to pass a balanced budget by the end of 2012, America could face serious repercussions.",TRUE,[],[],FALSE,,,,,,,TRUE,[],[],FALSE,,,,,,,FALSE,[],[],TRUE,[],[],FALSE,,,,,,
anr_d5679Quinticv0PpODNfkd.8-cameo_200.csv_78,"No. 198 sentences In Brazil, it seems, no one is brooding about the effects of the global economic crisis.",No. 198 ,"In Brazil, it seems, no one is brooding about the effects of the global economic crisis.",TRUE,[],[],FALSE,,,,,,,TRUE,[],[],FALSE,,,,,,,FALSE,[],[],TRUE,[],[],FALSE,,,,,,
alzt.bY06z71ut.IQHcpMKGC7cPK-cameo_200.csv_71,No. 179 sentences WASHINGTON -- The Supreme Court seemed divided Tuesday over whether employers' religious beliefs can free them from a part of the new health care law that requires that they provide coverage of birth control for employees at no extra charge.,No. 179 ,WASHINGTON -- The Supreme Court seemed divided Tuesday over whether employers' religious beliefs can free them from a part of the new health care law that requires that they provide coverage of birth control for employees at no extra charge.,TRUE,[],[],FALSE,,,,,,,TRUE,[],[],FALSE,,,,,,,FALSE,[],[],TRUE,[],[],FALSE,,,,,,
aYY0j325VkqvsuXqer72og4jIcoi-cameo_200.csv_68,"No. 172 sentences Russia's Defense Ministry is developing a helicopter type attack drone capable of participating in combat operations alongside crewed helicopter gunships, as follows from a presentation made by the Russian Armed",No. 172 ,"Russia's Defense Ministry is developing a helicopter type attack drone capable of participating in combat operations alongside crewed helicopter gunships, as follows from a presentation made by the Russian Armed",TRUE,[],[],FALSE,,,,,,,TRUE,[],[],FALSE,,,,,,,FALSE,[],[],TRUE,[],[],FALSE,,,,,,
awhs9hCVY3QoL3d_ro20zeBO.FZa-cameo_200.csv_75,"No. 162 sentences Israeli Prime Minister Benjamin Netanyahu condemned Sunday the vandalism of a memorial marking the site of Strasbourg's Old Synagogue, a place of worship destroyed by the Nazis in World War II.",No. 162 ,"Israeli Prime Minister Benjamin Netanyahu condemned Sunday the vandalism of a memorial marking the site of Strasbourg's Old Synagogue, a place of worship destroyed by the Nazis in World War II.",TRUE,"[('Source-1', 'Israeli Prime Minister Benjamin Netanyahu', 0), ('Action-1', 'condemned', 42), ('Time', 'Sunday', 52)]","[[('Source-1', 'Israeli Prime Minister Benjamin Netanyahu'), ('Action-1', 'condemned')]]",TRUE,3-Verbal Conflict,3-11 Disapprove,,,,,TRUE,"[('Source-1', 'Israeli Prime Minister Benjamin Netanyahu', 0), ('Action-1', 'condemned', 42), ('Time', 'Sunday', 52), ('Action-2', 'vandalism', 63), ('Target-1', 'memorial', 78)]","[[('Source-1', 'Israeli Prime Minister Benjamin Netanyahu'), ('Action-1', 'condemned')], [('Action-2', 'vandalism'), ('Target-1', 'memorial')]]",TRUE,3-Verbal Conflict,3-11 Disapprove,4-Material Conflict,4-17 Coerce,,,FALSE,[],[],TRUE,"[('Source-1', 'Israeli Prime Minister Benjamin Netanyahu', 0), ('Action-1', 'condemned', 42), ('Time', 'Sunday', 52), ('Action-2', 'vandalism', 63), ('Target-2', ""memorial marking the site of Strasbourg's Old Synagogue"", 78)]","[[('Source-1', 'Israeli Prime Minister Benjamin Netanyahu'), ('Action-1', 'condemned')], [('Action-2', 'vandalism'), ('Target-2', ""memorial marking the site of Strasbourg's Old Synagogue"")]]",TRUE,4-Material Conflict,4-17 Coerce,0-Make a Statement,0-1 Make Public Statement,,
aVwa1z6qorRbQXEHj_uEwDY0UkYm-cameo_200.csv_73,"No. 139 sentences George Washington is a mainstay of history books for fighting everything from the British Empire to a cherry tree, but his private battles may have been the fiercest.",No. 139 ,"George Washington is a mainstay of history books for fighting everything from the British Empire to a cherry tree, but his private battles may have been the fiercest.",TRUE,[],[],FALSE,,,,,,,TRUE,[],[],FALSE,,,,,,,FALSE,[],[],TRUE,[],[],FALSE,,,,,,
adK1HCcq0tsAiL704vmf5xC5oYzm-cameo_200.csv_69,"No. 156 sentences Fethi Belaid / AFP | Ennahdha party leader Rached Ghannouchi arrives for a session at the Assembly of People's Representatives in Tunis on February 16, 2016.",No. 156 ,"Fethi Belaid / AFP | Ennahdha party leader Rached Ghannouchi arrives for a session at the Assembly of People's Representatives in Tunis on February 16, 2016.",TRUE,[],[],FALSE,,,,,,,TRUE,[],[],FALSE,,,,,,,FALSE,[],[],TRUE,"[('Source-1', 'Ennahdha party leader Rached Ghannouchi', 21), ('Action-1', 'arrives for a session', 61), ('Target-1', ""Assembly of People's Representatives"", 90), ('Location', 'Tunis', 130), ('Time', 'February 16, 2016', 139)]","[[('Source-1', 'Ennahdha party leader Rached Ghannouchi'), ('Action-1', 'arrives for a session')], [('Action-1', 'arrives for a session'), ('Target-1', ""Assembly of People's Representatives"")]]",TRUE,,,1-Verbal Cooperation,1-4 Consult,,
auia0xiQENzCn75GnjIkx5S_fjEW-cameo_200.csv_72,No. 159 sentences North Korea Admits to Nuclear Weapons North Korea announced that it possesses nuclear weapons and will withdraw indefinitely from six-party proliferation talks.,No. 159 ,North Korea Admits to Nuclear Weapons North Korea announced that it possesses nuclear weapons and will withdraw indefinitely from six-party proliferation talks.,TRUE,"[('Source-1', 'North Korea', 0), ('Action-1', 'Admits', 12), ('Action-2', 'announced', 50), ('Action-3', 'possesses nuclear weapons and will withdraw indefinitely from six-party proliferation talks', 68)]","[[('Source-1', 'North Korea'), ('Action-1', 'Admits')], [('Action-2', 'announced'), ('Source-1', 'North Korea')]]",TRUE,0-Make a Statement,0-1 Make Public Statement,0-Make a Statement,0-1 Make Public Statement,3-Verbal Conflict,3-12 Reject,TRUE,"[('Source-1', 'North Korea', 0), ('Action-1', 'Admits', 12), ('Action-1', 'announced', 50), ('Action-2', 'will withdraw indefinitely from', 98), ('Target-2', 'six-party proliferation talks', 130)]","[[('Source-1', 'North Korea'), ('Action-1', 'Admits')], [('Source-1', 'North Korea'), ('Action-1', 'announced')], [('Action-2', 'will withdraw indefinitely from'), ('Target-2', 'six-party proliferation talks')], [('Source-1', 'North Korea'), ('Action-2', 'will withdraw indefinitely from')]]",TRUE,0-Make a Statement,0-1 Make Public Statement,3-Verbal Conflict,3-16 Reduce Relations,,,FALSE,[],[],TRUE,"[('Source-1', 'North Korea', 0), ('Action-1', 'Admits', 12), ('Action-1', 'announced', 50), ('Action-2', 'will withdraw', 98)]","[[('Source-1', 'North Korea'), ('Action-1', 'Admits')], [('Source-1', 'North Korea'), ('Action-1', 'announced')], [('Source-1', 'North Korea'), ('Action-2', 'will withdraw')]]",TRUE,3-Verbal Conflict,3-13 Threaten,0-Make a Statement,0-1 Make Public Statement,,
aoBgq5bAcEFbxf0RW5ifLENqsoRS-cameo_200.csv_70,"No. 130 sentences As Herman Mashaba launched his new political party, DA interim leader John Steenhuisen took a swipe at splinter political parties.",No. 130 ,"As Herman Mashaba launched his new political party, DA interim leader John Steenhuisen took a swipe at splinter political parties.",TRUE,"[('Source-1', 'DA interim leader John Steenhuisen', 52), ('Action-1', 'took a swipe', 87), ('Target-1', 'splinter political parties', 103)]",[],TRUE,3-Verbal Conflict,3-11 Disapprove,,,,,TRUE,"[('Source-1', 'DA interim leader John Steenhuisen', 52), ('Action-1', 'took a swipe at', 87), ('Target-1', 'splinter political parties', 103)]","[[('Source-1', 'DA interim leader John Steenhuisen'), ('Action-1', 'took a swipe at')], [('Action-1', 'took a swipe at'), ('Target-1', 'splinter political parties')]]",TRUE,3-Verbal Conflict,3-11 Disapprove,,,,,FALSE,[],[],TRUE,"[('Source-1', 'DA interim leader John Steenhuisen', 52), ('Action-1', 'took a swipe', 87), ('Target-1', 'splinter political parties', 103)]","[[('Source-1', 'DA interim leader John Steenhuisen'), ('Action-1', 'took a swipe')], [('Action-1', 'took a swipe'), ('Target-1', 'splinter political parties')]]",TRUE,,,3-Verbal Conflict,3-11 Disapprove,,
aB4o1jNm1CoL1LwRO_EZTqv.g4sS-cameo_200.csv_67,"No. 155 sentences After nearly two decades of fighting, the death toll in the war in Afghanistan is staggering.",No. 155 ,"After nearly two decades of fighting, the death toll in the war in Afghanistan is staggering.",TRUE,[],[],FALSE,,,,,,,TRUE,[],[],FALSE,,,,,,,FALSE,[],[],TRUE,[],[],FALSE,,,,,,
aRqDJhygcWptdsCzftrij8Clusim-cameo_200.csv_60,"No. 165 sentences Police said Friday five incidents involving so-called scary clowns had occurred in two north German towns, including one assailant who hit a man with a baseball bat, amid fears that Halloween could spark a rash of similar attacks.",No. 165 ,"Police said Friday five incidents involving so-called scary clowns had occurred in two north German towns, including one assailant who hit a man with a baseball bat, amid fears that Halloween could spark a rash of similar attacks.",TRUE,[],[],FALSE,,,,,,,TRUE,[],[],FALSE,,,,,,,FALSE,[],[],TRUE,[],[],FALSE,,,,,,
aBb.b30wM.orIAVtBaw7tLVfefeW-cameo_200.csv_63,"No. 109 sentences A Turkish philanthropist businessman and human rights defender has denied accusations of espionage and attempting to overthrow the government in connection with a failed coup four years ago, telling a court he opposes all efforts to take over power by forc",No. 109 ,"A Turkish philanthropist businessman and human rights defender has denied accusations of espionage and attempting to overthrow the government in connection with a failed coup four years ago, telling a court he opposes all efforts to take over power by forc",TRUE,"[('Source-1', 'Turkish philanthropist businessman', 2), ('Source-1', 'human rights defender', 41), ('Action-1', 'denied accusations of espionage and attempting to overthrow the government', 67)]","[[('Source-1', 'Turkish philanthropist businessman'), ('Action-1', 'denied accusations of espionage and attempting to overthrow the government')], [('Source-1', 'human rights defender'), ('Action-1', 'denied accusations of espionage and attempting to overthrow the government')]]",TRUE,0-Make a Statement,0-1 Make Public Statement,,,,,TRUE,"[('Target-2', 'Turkish philanthropist businessman and human rights defender', 2), ('Source-1', 'Turkish philanthropist businessman and human rights defender', 2), ('Action-1', 'denied accusations', 67), ('Action-2', 'accusations', 74)]","[[('Source-1', 'Turkish philanthropist businessman and human rights defender'), ('Action-1', 'denied accusations')], [('Action-2', 'accusations'), ('Target-2', 'Turkish philanthropist businessman and human rights defender')]]",TRUE,0-Make a Statement,0-1 Make Public Statement,1-Verbal Cooperation,3-11 Disapprove,,,FALSE,[],[],TRUE,"[('Source-1', 'Turkish philanthropist businessman and human rights defender', 2), ('Action-1', 'has denied', 63), ('Action-2', 'attempting to overthrow', 103), ('Target-2', 'government', 131), ('Action-3', 'telling', 191), ('Target-3', 'court', 201)]","[[('Source-1', 'Turkish philanthropist businessman and human rights defender'), ('Action-1', 'has denied')], [('Action-2', 'attempting to overthrow'), ('Target-2', 'government')], [('Action-3', 'telling'), ('Target-3', 'court')], [('Source-1', 'Turkish philanthropist businessman and human rights defender'), ('Action-2', 'attempting to overthrow')], [('Source-1', 'Turkish philanthropist businessman and human rights defender'), ('Action-3', 'telling')]]",TRUE,3-Verbal Conflict,3-13 Threaten,0-Make a Statement,0-1 Make Public Statement,0-Make a Statement,0-1 Make Public Statement
asUNDUKR7Bd0pHQrRsTy0EUioJkW-cameo_200.csv_65,"No. 160 sentences ""The Constitutional Committee should move to Damascus and act under the United Nations brokerage. It's work must not be formal, it must be real,"" he said citing the Moscow group's statement.",No. 160 ,"""The Constitutional Committee should move to Damascus and act under the United Nations brokerage. It's work must not be formal, it must be real,"" he said citing the Moscow group's statement.",TRUE,[],[],FALSE,,,,,,,TRUE,"[('Source-1', 'Moscow group', 165), ('Action-1', 'statement', 180)]","[[('Source-1', 'Moscow group'), ('Action-1', 'statement')]]",TRUE,0-Make a Statement,0-1 Make Public Statement,,,,,FALSE,[],[],TRUE,[],[],FALSE,,,,,,
aZCq5a9q8ETZ6euvcrQ1EP1FgWC8-cameo_200.csv_59,"No. 157 sentences The main opposition Cambodia National Rescue Party, which had attracted the support of a new generation of voters, was dissolved in November at the request of Hun Sen's government",No. 157 ,"The main opposition Cambodia National Rescue Party, which had attracted the support of a new generation of voters, was dissolved in November at the request of Hun Sen's government",TRUE,"[('Target-1', 'main opposition Cambodia National Rescue Party', 4), ('Action-1', 'dissolved', 119), ('Time', 'November', 132), ('Source-1', ""Hun Sen's government"", 159)]","[[('Source-1', ""Hun Sen's government""), ('Action-1', 'dissolved')], [('Target-1', 'main opposition Cambodia National Rescue Party'), ('Action-1', 'dissolved')]]",TRUE,3-Verbal Conflict,3-12 Reject,,,,,TRUE,"[('Target-1', 'Cambodia National Rescue Party', 20), ('Action-1', 'dissolved', 119), ('Time', 'November', 132), ('Source-1', ""Hun Sen's government"", 159)]","[[('Source-1', ""Hun Sen's government""), ('Action-1', 'dissolved')], [('Action-1', 'dissolved'), ('Target-1', 'Cambodia National Rescue Party')]]",TRUE,4-Material Conflict,4-17 Coerce,,,,,FALSE,[],[],TRUE,"[('Target-1', 'main opposition Cambodia National Rescue Party', 4), ('Action-1', 'was dissolved', 115), ('Time', 'November', 132), ('Source-1', ""Hun Sen's government"", 159)]","[[('Source-1', ""Hun Sen's government""), ('Action-1', 'was dissolved')], [('Action-1', 'was dissolved'), ('Target-1', 'main opposition Cambodia National Rescue Party')]]",TRUE,,,4-Material Conflict,4-17 Coerce,,
adAI2RaYNloNSKxpp.AymHpusEEC-cameo_200.csv_66,"No. 145 sentences In the midst of a diplomatic row over the inclusion of aviation in the EU's emissions trading scheme (ETS), the European Commission is to propose bringing maritime transport into the scheme.",No. 145 ,"In the midst of a diplomatic row over the inclusion of aviation in the EU's emissions trading scheme (ETS), the European Commission is to propose bringing maritime transport into the scheme.",TRUE,[],[],FALSE,,,,,,,TRUE,"[('Action-1', 'diplomatic row', 18), ('Source-2', 'European Commission', 112), ('Action-2', 'propose bringing maritime transport into the scheme', 138)]","[[('Source-2', 'European Commission'), ('Action-2', 'propose bringing maritime transport into the scheme')]]",TRUE,3-Verbal Conflict,3-16 Reduce Relations,3-Verbal Conflict,3-13 Threaten,,,FALSE,[],[],TRUE,"[('Action-1', 'diplomatic row', 18), ('Source-1', 'European Commission', 112), ('Action-2', 'propose', 138)]","[[('Source-1', 'European Commission'), ('Action-1', 'diplomatic row')], [('Source-1', 'European Commission'), ('Action-2', 'propose')]]",TRUE,3-Verbal Conflict,3-13 Threaten,4-Material Conflict,3-16 Reduce Relations,,
arjKmuGRAi8ezJRck1v18n8AkVeG-cameo_200.csv_62,No. 151 sentences The Department of Defense has identified 524 American service members who have died since the start of the Iraq war.,No. 151 ,The Department of Defense has identified 524 American service members who have died since the start of the Iraq war.,TRUE,[],[],FALSE,,,,,,,TRUE,[],[],FALSE,,,,,,,FALSE,[],[],TRUE,[],[],FALSE,,,,,,
aC0trac6ngX0Odsn8H6z96577q3K-cameo_200.csv_61,No. 163 sentences The Metropolitan Police Department Wednesday held a memorial service for its police dogs.,No. 163 ,The Metropolitan Police Department Wednesday held a memorial service for its police dogs.,TRUE,[],[],FALSE,,,,,,,TRUE,[],[],FALSE,,,,,,,FALSE,[],[],TRUE,[],[],FALSE,,,,,,
akFw0QJLy7soJz.sPiXgk.DLCtM8-cameo_200.csv_64,"No. 175 sentences Mario Draghi, Credited With Saving The Euro, Tapped To Form A New Government In Italy",No. 175 ,"Mario Draghi, Credited With Saving The Euro, Tapped To Form A New Government In Italy",TRUE,[],[],FALSE,,,,,,,TRUE,[],[],FALSE,,,,,,,FALSE,[],[],TRUE,"[('Target-1', 'Mario Draghi', 0), ('Action-1', 'Tapped', 45)]","[[('Action-1', 'Tapped'), ('Target-1', 'Mario Draghi')]]",TRUE,,,1-Verbal Cooperation,0-2 Appeal,,
adwNPJTjMjLfS6NtueSgePY9JGua-cameo_200.csv_58,"No. 168 sentences NEW HAVEN, Conn. (AP) -- A Navy mechanic who last lived in Groton, Connecticut, pleaded guilty Monday to child pornography production offenses stemming from his sexual abuse of seven young girls in Connecticut, New Hampshire and California over several year",No. 168 ,"NEW HAVEN, Conn. (AP) -- A Navy mechanic who last lived in Groton, Connecticut, pleaded guilty Monday to child pornography production offenses stemming from his sexual abuse of seven young girls in Connecticut, New Hampshire and California over several year",TRUE,[],[],FALSE,,,,,,,TRUE,[],[],FALSE,,,,,,,FALSE,[],[],TRUE,[],[],FALSE,,,,,,
aIyKvV5Za6vSe6BKX8AVHsWODxOS-cameo_200.csv_53,"No. 121 sentences Adem Altan, AFP | Justice and Development Party (AKP) MP Ismail Kahraman (3rd L) and Turkish Prime Minister and AKP leader Ahmet Davutoglu (2nd R) wave following Kahraman's election as Parliament speaker in Ankara, on November 22, 2015",No. 121 ,"Adem Altan, AFP | Justice and Development Party (AKP) MP Ismail Kahraman (3rd L) and Turkish Prime Minister and AKP leader Ahmet Davutoglu (2nd R) wave following Kahraman's election as Parliament speaker in Ankara, on November 22, 2015",TRUE,[],[],FALSE,,,,,,,TRUE,[],[],FALSE,,,,,,,FALSE,[],[],TRUE,[],[],FALSE,,,,,,
angluCNRIMHiCLT3TOaLY25flfGK-cameo_200.csv_54,"No. 105 sentences Water supply cuts that have for over three weeks left several districts in Aleppo, the largest city in northern Syria, may well lead to a full out humanitarian disaster, the Syrian Observatory for Human Rights, or SOHR, said on Thursday.",No. 105 ,"Water supply cuts that have for over three weeks left several districts in Aleppo, the largest city in northern Syria, may well lead to a full out humanitarian disaster, the Syrian Observatory for Human Rights, or SOHR, said on Thursday.",TRUE,"[('Source-1', 'Syrian Observatory for Human Rights', 174), ('Source-1', 'SOHR', 214), ('Action-1', 'said', 220), ('Time', 'Thursday', 228)]","[[('Source-1', 'Syrian Observatory for Human Rights'), ('Action-1', 'said')], [('Source-1', 'SOHR'), ('Action-1', 'said')]]",TRUE,0-Make a Statement,0-1 Make Public Statement,,,,,TRUE,"[('Location', 'Aleppo', 75), ('Location', 'northern Syria', 103), ('Source-1', 'Syrian Observatory for Human Rights, or SOHR', 174), ('Action-1', 'said', 220), ('Time', 'Thursday', 228)]","[[('Source-1', 'Syrian Observatory for Human Rights, or SOHR'), ('Action-1', 'said')]]",TRUE,0-Make a Statement,0-1 Make Public Statement,,,,,FALSE,[],[],TRUE,"[('Source-1', 'Syrian Observatory for Human Rights, or SOHR', 174), ('Action-1', 'said', 220), ('Time', 'Thursday', 228)]","[[('Source-1', 'Syrian Observatory for Human Rights, or SOHR'), ('Action-1', 'said')]]",TRUE,,,0-Make a Statement,0-1 Make Public Statement,,
aAUgZih0uAGUdaM2c3beyXY4poUi-cameo_200.csv_57,"No. 152 sentences France received nearly 90 million foreign tourists in 2018, one million more than the previous year and a new world record, according to preliminary figures released by the country's ministry of foreign affairs on Thursday.",No. 152 ,"France received nearly 90 million foreign tourists in 2018, one million more than the previous year and a new world record, according to preliminary figures released by the country's ministry of foreign affairs on Thursday.",TRUE,[],[],FALSE,,,,,,,TRUE,[],[],FALSE,,,,,,,FALSE,[],[],TRUE,[],[],FALSE,,,,,,
aiTEAtlzrdB5C2_qDxY5NCiIdA9a-cameo_200.csv_55,"No. 120 sentences ISLAMABAD: Pakistan Federal Union of Journalists (PFUJ), an umbrella organisation for all the affiliated journalists' unions across Pakistan, has called upon the journalists to hold protest demonstrations and meetings on Wednesday (Nov 14, 2018) to protest",No. 120 ,"ISLAMABAD: Pakistan Federal Union of Journalists (PFUJ), an umbrella organisation for all the affiliated journalists' unions across Pakistan, has called upon the journalists to hold protest demonstrations and meetings on Wednesday (Nov 14, 2018) to protest",TRUE,"[('Source-1', 'Pakistan Federal Union of Journalists', 11), ('Source-1', 'PFUJ', 50), ('Location', 'Pakistan', 132), ('Action-1', 'hold protest demonstrations and meetings', 177), ('Time', 'Nov 14, 2018', 232), ('Action-1', 'protest', 249)]","[[('Source-1', 'PFUJ'), ('Action-1', 'hold protest demonstrations and meetings')], [('Source-1', 'PFUJ'), ('Action-1', 'protest')], [('Action-1', 'hold protest demonstrations and meetings'), ('Source-1', 'Pakistan Federal Union of Journalists')], [('Action-1', 'protest'), ('Source-1', 'Pakistan Federal Union of Journalists')]]",TRUE,4-Material Conflict,4-14 Protest,,,,,TRUE,"[('Location', 'ISLAMABAD', 0), ('Source-1', 'Pakistan Federal Union of Journalists (PFUJ)', 11), ('Action-1', 'called upon', 146), ('Target-1', 'the journalists', 158)]","[[('Source-1', 'Pakistan Federal Union of Journalists (PFUJ)'), ('Action-1', 'called upon')], [('Action-1', 'called upon'), ('Target-1', 'the journalists')]]",TRUE,1-Verbal Cooperation,0-2 Appeal,,,,,FALSE,[],[],TRUE,"[('Source-1', 'Pakistan Federal Union of Journalists', 11), ('Action-1', 'has called upon', 142), ('Target-1', 'journalists', 162), ('Action-2', 'protest', 182), ('Time', 'Wednesday (Nov 14, 2018)', 221)]","[[('Source-1', 'Pakistan Federal Union of Journalists'), ('Action-1', 'has called upon')], [('Action-1', 'has called upon'), ('Target-1', 'journalists')], [('Target-1', 'journalists'), ('Action-2', 'protest')]]",TRUE,3-Verbal Conflict,3-13 Threaten,1-Verbal Cooperation,0-2 Appeal,,
amVUiWM9LlwwSqRXTFu53Osw8Aee-cameo_200.csv_51,"No. 178 sentences At least six people have been killed and several others are missing after Typhoon Mitag lashed South Korea with heavy rain and strong winds, authorities said on Thursday.",No. 178 ,"At least six people have been killed and several others are missing after Typhoon Mitag lashed South Korea with heavy rain and strong winds, authorities said on Thursday.",TRUE,[],[],FALSE,,,,,,,TRUE,[],[],FALSE,,,,,,,FALSE,[],[],TRUE,"[('Target-1', 'people', 13), ('Action-1', 'have been killed', 20), ('Source-2', 'authorities', 141), ('Action-2', 'said', 153), ('Time', 'Thursday', 161)]","[[('Action-1', 'have been killed'), ('Target-1', 'people')], [('Source-2', 'authorities'), ('Action-2', 'said')]]",TRUE,0-Make a Statement,0-1 Make Public Statement,4-Material Conflict,4-18 Assualt,,
aO2_xgjJQBZYYucDcqHk.wpkUYfK-cameo_200.csv_56,"No. 111 sentences The exchange may include Russian nationals Viktor Bout or Konstantin Yaroshenko incarcerated in American prisons, according to the attorney",No. 111 ,"The exchange may include Russian nationals Viktor Bout or Konstantin Yaroshenko incarcerated in American prisons, according to the attorney",TRUE,[],[],FALSE,,,,,,,TRUE,[],[],FALSE,,,,,,,FALSE,[],[],TRUE,[],[],FALSE,,,,,,
ameMlkoIMra3bNETIBlrXcnEEjIS-cameo_200.csv_52,"No. 150 sentences The Shaarawy family is divided these days not just by an ocean, but also by a war.",No. 150 ,"The Shaarawy family is divided these days not just by an ocean, but also by a war.",TRUE,[],[],FALSE,,,,,,,TRUE,[],[],FALSE,,,,,,,FALSE,[],[],TRUE,[],[],FALSE,,,,,,
aw6GdNKnJlqJ64af8v6EqbZmQ3Ea-cameo_200.csv_98,"No. 154 sentences WASHINGTON, March 1 (Xinhua) -- Former South Bend, Indiana, Mayor Pete Buttigieg on Sunday night announced he is ending his presidential campaign, just two days before the Super Tuesday primary.",No. 154 ,"WASHINGTON, March 1 (Xinhua) -- Former South Bend, Indiana, Mayor Pete Buttigieg on Sunday night announced he is ending his presidential campaign, just two days before the Super Tuesday primary.",FALSE,"[('Time', 'March 1', 12), ('Action-1', 'announced', 97)]",[],TRUE,0-Make a Statement,0-1 Make Public Statement,,,,,TRUE,"[('Time', 'March 1', 12), ('Source-1', 'Former South Bend, Indiana, Mayor Pete Buttigieg', 32), ('Time', 'Sunday night', 84), ('Action-1', 'announced', 97)]","[[('Source-1', 'Former South Bend, Indiana, Mayor Pete Buttigieg'), ('Action-1', 'announced')]]",TRUE,0-Make a Statement,0-1 Make Public Statement,,,,,FALSE,[],[],TRUE,"[('Time', 'March 1', 12), ('Source-1', 'Former South Bend, Indiana, Mayor Pete Buttigieg', 32), ('Time', 'Sunday night', 84), ('Action-1', 'announced', 97)]",[],TRUE,,,0-Make a Statement,0-1 Make Public Statement,,
aKUci0rx.sm0hvljOhKZdGGh7bCW-cameo_200.csv_96,"No. 119 sentences At least three soldiers, six vigilantes and dozens of Boko Haram insurgents have been killed during clashes in the restive northeast Nigerian city of Maiduguri, sources said on Thursday.",No. 119 ,"At least three soldiers, six vigilantes and dozens of Boko Haram insurgents have been killed during clashes in the restive northeast Nigerian city of Maiduguri, sources said on Thursday.",FALSE,"[('Target-1', 'soldiers', 15), ('Target-2', 'vigilantes', 29), ('Target-3', 'Boko Haram insurgents', 54), ('Action-1', 'killed', 86), ('Location', 'northeast Nigerian city of Maiduguri', 123), ('Source-2', 'sources', 161), ('Action-2', 'said', 169), ('Time', 'Thursday', 177)]","[[('Target-1', 'soldiers'), ('Action-1', 'killed')], [('Action-2', 'said'), ('Source-2', 'sources')], [('Target-2', 'vigilantes'), ('Action-1', 'killed')], [('Target-3', 'Boko Haram insurgents'), ('Action-1', 'killed')]]",TRUE,4-Material Conflict,4-18 Assualt,0-Make a Statement,0-1 Make Public Statement,,,TRUE,"[('Target-1', 'soldiers', 15), ('Target-1', 'vigilantes', 29), ('Target-1', 'Boko Haram insurgents', 54), ('Action-1', 'killed', 86), ('Action-1', 'clashes', 100), ('Location', 'Nigerian city of Maiduguri', 133), ('Source-2', 'sources', 161), ('Action-2', 'said', 169), ('Time', 'Thursday', 177)]","[[('Action-1', 'killed'), ('Target-1', 'Boko Haram insurgents')], [('Action-1', 'killed'), ('Target-1', 'vigilantes')], [('Action-1', 'killed'), ('Target-1', 'soldiers')], [('Action-1', 'clashes'), ('Target-1', 'Boko Haram insurgents')], [('Action-1', 'clashes'), ('Target-1', 'vigilantes')], [('Action-1', 'clashes'), ('Target-1', 'soldiers')], [('Source-2', 'sources'), ('Action-2', 'said')]]",TRUE,4-Material Conflict,4-19 Fight,0-Make a Statement,0-1 Make Public Statement,,,FALSE,[],[],TRUE,"[('Target-1', 'soldiers', 15), ('Target-1', 'vigilantes', 29), ('Target-1', 'Boko Haram insurgents', 54), ('Action-1', 'killed', 86), ('Action-1', 'clashes', 100), ('Location', 'Nigerian city of Maiduguri', 133), ('Source-2', 'sources', 161), ('Action-2', 'said', 169), ('Time', 'Thursday', 177)]","[[('Action-1', 'killed'), ('Target-1', 'Boko Haram insurgents')], [('Action-1', 'killed'), ('Target-1', 'vigilantes')], [('Action-1', 'killed'), ('Target-1', 'soldiers')], [('Action-1', 'clashes'), ('Target-1', 'Boko Haram insurgents')], [('Action-1', 'clashes'), ('Target-1', 'vigilantes')], [('Action-1', 'clashes'), ('Target-1', 'soldiers')]]",TRUE,0-Make a Statement,0-1 Make Public Statement,4-Material Conflict,4-19 Fight,,
ah33ZgxD1zzRa1Hkfo41zKGg9nlG-cameo_200.csv_94,No. 169 sentences The legislators and senators of the Pakistan Peoples Party from Sindh will contribute their one-month salary to the emergency relief fund for the assistance of rain-hit people in the province.,No. 169 ,The legislators and senators of the Pakistan Peoples Party from Sindh will contribute their one-month salary to the emergency relief fund for the assistance of rain-hit people in the province.,FALSE,"[('Source-1', 'legislators', 4), ('Source-2', 'senators', 20), ('Location', 'Sindh', 64), ('Target-1', 'emergency relief fund', 116)]",[],TRUE,1-Verbal Cooperation,1-3 Express Intent to Coop,,,,,TRUE,"[('Source-1', 'legislators and senators of the Pakistan Peoples Party from Sindh', 4), ('Location', 'Sindh', 64), ('Action-1', 'will contribute', 70), ('Target-1', 'rain-hit people in the province', 160)]","[[('Source-1', 'legislators and senators of the Pakistan Peoples Party from Sindh'), ('Action-1', 'will contribute')], [('Action-1', 'will contribute'), ('Target-1', 'rain-hit people in the province')]]",TRUE,1-Verbal Cooperation,1-3 Express Intent to Coop,,,,,FALSE,[],[],TRUE,"[('Source-1', 'legislators and senators of the Pakistan Peoples Party from Sindh', 4), ('Location', 'Sindh', 64), ('Action-1', 'will contribute', 70), ('Target-1', 'rain-hit people', 160)]","[[('Source-1', 'legislators and senators of the Pakistan Peoples Party from Sindh'), ('Action-1', 'will contribute')], [('Action-1', 'will contribute'), ('Target-1', 'rain-hit people')]]",TRUE,,,1-Verbal Cooperation,1-3 Express Intent to Coop,,
